Date,Job Title,Status
2026-05-08 22:49:29,Job #1,Applied
2026-05-08 22:49:51,Job #2,Applied
2026-05-08 22:56:55,Job #1,Applied
2026-05-08 22:57:11,Job #2,Applied
2026-05-08 22:57:31,Job #3,Applied
2026-05-08 22:57:53,Job #4,Applied
2026-05-08 23:03:22,Job #2,Applied
2026-05-08 23:03:45,Job #3,Applied
2026-05-09 06:23:48,Job #1,Applied
2026-05-09 06:24:07,Job #2,Applied
2026-05-09 06:24:31,Job #3,Applied
2026-05-09 06:32:03,Job #3,Applied
2026-05-09 06:34:46,Job #3,Applied
2026-05-09 06:35:11,Job #4,Applied
2026-05-09 06:35:31,Job #5,Applied
2026-05-09 06:41:18,Job #3,Applied
2026-05-09 06:41:37,Job #4,Applied
2026-05-09 06:41:55,Job #5,Applied
2026-05-09 06:48:10,Job #3,Applied
2026-05-09 06:48:34,Job #4,Applied
2026-05-09 06:53:38,Job #1,Applied
2026-05-09 06:57:33,Job #1,Applied
2026-05-09 06:58:00,Job #4,Applied
2026-05-09 06:58:24,Job #5,Applied
2026-05-09 06:58:42,Job #6,Applied
2026-05-09 06:59:05,Job #7,Applied
2026-05-09 06:59:31,Job #1,Applied
2026-05-09 06:59:55,Job #2,Applied
2026-05-09 07:00:18,Job #3,Applied
2026-05-09 07:00:36,Job #4,Applied
2026-05-09 07:01:00,Job #5,Applied
2026-05-09 07:01:24,Job #6,Applied
2026-05-09 07:03:36,Job #1,Applied
2026-05-09 07:04:01,Job #3,Applied
2026-05-09 07:04:25,Job #4,Applied
2026-05-09 07:04:45,Job #5,Applied
2026-05-09 07:05:09,Job #6,Applied
2026-05-09 07:05:33,Job #7,Applied
2026-05-09 07:06:00,Job #1,Applied
2026-05-09 07:08:27,Job #1,Applied
2026-05-09 07:08:58,Job #4,Applied
2026-05-09 07:09:22,Job #5,Applied
2026-05-09 07:09:42,Job #6,Applied
2026-05-09 07:10:05,Job #7,Applied
2026-05-09 07:10:38,Job #1,Applied
2026-05-09 07:11:24,Job #2,Applied
2026-05-09 07:13:42,Job #1,Applied
2026-05-09 07:22:12,Job #1,Applied
2026-05-09 07:22:38,Job #4,Applied
2026-05-09 07:23:01,Job #5,Applied
2026-05-09 07:29:18,Job #1,Applied
2026-05-09 07:37:21,Job #1,Applied
2026-05-09 07:37:47,Job #4,Applied
2026-05-09 07:43:12,Job #2,Applied
2026-05-09 07:43:34,Job #3,Applied
2026-05-09 07:43:57,Job #4,Applied
2026-05-09 07:44:25,Job #5,Applied
2026-05-09 07:44:52,Job #7,Applied
2026-05-09 07:45:27,Job #2,Applied
2026-05-09 07:47:32,Job #1,Applied
2026-05-09 07:47:58,Job #4,Applied
2026-05-09 07:59:45,"Wordpress Developer
Wordpress Developer",Applied
2026-05-09 08:09:48,"Software Engineer (.Net / Go )
Software Engineer (.Net / Go )",Applied
